check,spec,coef,se_unadjusted,se_clustered,p_unadjusted,p_clustered,n_obs
clustered_vs_unadjusted_se,lag2_interaction,-0.004227100044900896,0.001592359259410995,0.00197137453354845,0.007946172497852011,0.03202564164719246,20544
exclude_covid_2020_03_to_2020_05,lag2_interaction,-0.00042271453536171707,,0.0014786099811304537,,0.7749680760780442,20400
