lag,coef,se_clustered,p_value,n_obs,r2_within
0,-0.005467187784597509,0.0021618890078466697,0.011449842426357826,20592,0.8986757337518125
1,-0.004874565742967788,0.0020663913648588093,0.018334992397410987,20592,0.8986485319274732
2,-0.004227100044900896,0.00197137453354845,0.03202564164719246,20544,0.8985596276116534
3,-0.0048434656123716524,0.002120013541135316,0.022344418550585443,20496,0.8985284451937169
